Author,Rating
Samapti Sinha Mahapatra,4.6 out of 5 stars
Akshay Kumar,4.3 out of 5 stars
N/A,4.4 out of 5 stars
एम लक्ष्मीकांत,4.4 out of 5 stars
PR Yadav,4.4 out of 5 stars
Lori Gottlieb,4.6 out of 5 stars
Ishinna B. Sadana,4.7 out of 5 stars
N/A,4.7 out of 5 stars
Rajesh Verma,4.3 out of 5 stars
Kriti Sharma,4.6 out of 5 stars
Wonder House Books,4.7 out of 5 stars
N/A,4.7 out of 5 stars
R.K. Gupta,4.5 out of 5 stars
Timothy Ferriss,4.5 out of 5 stars
EduGorilla Prep Experts,3.5 out of 5 stars
EduGorilla Prep Experts,4.4 out of 5 stars
Oswaal Editorial Board,4.9 out of 5 stars
ALLEN Expert Faculties,4.2 out of 5 stars
ALLEN Expert Faculties,4.2 out of 5 stars
Aman Kharwal,4.4 out of 5 stars
Rohit Vaidwan,4.2 out of 5 stars
Subhadra Sen Gupta,4.5 out of 5 stars
Editorial Board,4.0 out of 5 stars
EduGorilla Prep Experts,4.2 out of 5 stars
N/A,N/A
ALLEN Expert Faculties,4.1 out of 5 stars
P. C. Wren,4.2 out of 5 stars
Dr. Swati Maharshi,4.2 out of 5 stars
Mangal,4.5 out of 5 stars
Wonder House Books,4.6 out of 5 stars
MANJUNATH M S,4.6 out of 5 stars
N/A,3.3 out of 5 stars
Tim Marshall,4.4 out of 5 stars
N/A,4.4 out of 5 stars
EduGorilla PREP EXPERT,4.0 out of 5 stars
N/A,N/A
RPH Editorial Board,4.0 out of 5 stars
N/A,1.0 out of 5 stars
N/A,4.0 out of 5 stars
N/A,N/A
ALLEN Expert Faculties,4.1 out of 5 stars
Dr. Manjunath V Rao,4.5 out of 5 stars
EduGorilla Prep Experts,4.3 out of 5 stars
Harpreet Kaur,4.3 out of 5 stars
N/A,N/A
Ashdin Doctor,4.4 out of 5 stars
I Clement,3.0 out of 5 stars
ALLEN Expert Faculties,4.0 out of 5 stars
Arthur Schopenhauer,4.4 out of 5 stars
Arihant Experts,4.1 out of 5 stars
